question_family_id,domain,question_type,answerable,gold_answer,gold_evidence_count,equivalence_group_count_82k,distractor_count_82k,rendered_tokens_82k,target_position_82k,checks
SEC_0001,SEC,DIRECT_RETRIEVAL,True,"420,315,000,000",1,1,582,81669,0.5000245630841409,PASS
SEC_0006,SEC,ENTITY_UNIT_BINDING,True,"-492,000,000",1,1,567,81708,0.5001104796042375,PASS
SEC_0009,SEC,RETRIEVAL_CALCULATION,True,5.93%,2,2,581,81733,0.5007854881072191,PASS
SEC_0017,SEC,TEMPORAL_VERSION,True,"-16,276,000,000",1,1,568,81793,0.4992948938048757,PASS
SEC_0021,SEC,UNANSWERABLE,False,INSUFFICIENT_EVIDENCE,0,0,580,81730,,PASS
SEC_0002,SEC,DIRECT_RETRIEVAL,True,"63,937,000,000",1,1,585,81698,0.50074275050949,PASS
SEC_0007,SEC,ENTITY_UNIT_BINDING,True,"14,527,000,000",1,1,579,81788,0.49993255423252847,PASS
SEC_0010,SEC,RETRIEVAL_CALCULATION,True,27.84%,2,2,586,81754,0.5005889498288365,PASS
SEC_0018,SEC,TEMPORAL_VERSION,True,"81,770,000,000",1,1,581,81718,0.5008038979847321,PASS
SEC_0022,SEC,UNANSWERABLE,False,INSUFFICIENT_EVIDENCE,0,0,585,81755,,PASS
SEC_0003,SEC,DIRECT_RETRIEVAL,True,"281,724,000,000",1,1,570,81785,0.5005090463048145,PASS
SEC_0008,SEC,ENTITY_UNIT_BINDING,True,"-15,999,000,000",1,1,567,81689,0.49933082854476696,PASS
SEC_0011,SEC,RETRIEVAL_CALCULATION,True,5.30%,2,2,576,81686,0.500221065042248,PASS
SEC_0019,SEC,TEMPORAL_VERSION,True,"10,151,000,000",1,1,571,81705,0.4997789295276461,PASS
SEC_0023,SEC,UNANSWERABLE,False,INSUFFICIENT_EVIDENCE,0,0,571,81783,,PASS
SEC_0004,SEC,DIRECT_RETRIEVAL,True,"115,856,000,000",1,1,588,81663,0.4991955095924734,PASS
SEC_0094,SEC,ENTITY_UNIT_BINDING,True,"3,785,000,000",1,1,567,81746,0.500791401332499,PASS
SEC_0012,SEC,RETRIEVAL_CALCULATION,True,20.68%,2,2,579,81716,0.49992634512220574,PASS
SEC_0020,SEC,TEMPORAL_VERSION,True,"3,706,200,000",1,1,554,81732,0.5008349500257853,PASS
SEC_0024,SEC,UNANSWERABLE,False,INSUFFICIENT_EVIDENCE,0,0,585,81779,,PASS
SEC_0005,SEC,DIRECT_RETRIEVAL,True,"15,119,000,000",1,1,578,81708,0.49973605706078056,PASS
SEC_0095,SEC,ENTITY_UNIT_BINDING,True,"2,249,000,000",1,1,573,81747,0.5006993521790342,PASS
SEC_0013,SEC,RETRIEVAL_CALCULATION,True,79.70%,2,2,578,81750,0.4992636771960828,PASS
SEC_0078,SEC,TEMPORAL_VERSION,True,"26,028,000,000",1,1,577,81699,0.49996317256110284,PASS
SEC_0025,SEC,UNANSWERABLE,False,INSUFFICIENT_EVIDENCE,0,0,586,81707,,PASS
FDA_0001,FDA,DIRECT_RETRIEVAL,True,TABLET,1,1,865,81737,0.4997914212799372,PASS
FDA_0006,FDA,ENTITY_UNIT_BINDING,True,40MG,1,1,817,81796,0.5006253525271599,PASS
FDA_0010,FDA,RETRIEVAL_CALCULATION,True,2,2,2,865,81779,0.49967505395330586,PASS
FDA_0018,FDA,TEMPORAL_VERSION,True,2018-08-24,1,1,865,81785,0.4995340796233402,PASS
FDA_0021,FDA,UNANSWERABLE,False,INSUFFICIENT_EVIDENCE,0,0,862,81779,,PASS
FDA_0002,FDA,DIRECT_RETRIEVAL,True,TABLET,1,1,865,81720,0.500276121051469,PASS
FDA_0007,FDA,ENTITY_UNIT_BINDING,True,0.3MG,1,1,823,81729,0.5003865362669186,PASS
FDA_0011,FDA,RETRIEVAL_CALCULATION,True,2,2,2,868,81761,0.4996443201609145,PASS
FDA_0019,FDA,TEMPORAL_VERSION,True,1996-01-29,1,1,867,81731,0.4996809933376686,PASS
FDA_0022,FDA,UNANSWERABLE,False,INSUFFICIENT_EVIDENCE,0,0,865,81785,,PASS
FDA_0003,FDA,DIRECT_RETRIEVAL,True,TABLET,1,1,865,81722,0.4999202326751506,PASS
FDA_0008,FDA,ENTITY_UNIT_BINDING,True,100MG,1,1,821,81760,0.5004599703165822,PASS
FDA_0012,FDA,RETRIEVAL_CALCULATION,True,3,3,3,859,81754,0.4996258816314014,PASS
FDA_0020,FDA,TEMPORAL_VERSION,True,2013-12-30,1,1,862,81740,0.49960129548298454,PASS
FDA_0023,FDA,UNANSWERABLE,False,INSUFFICIENT_EVIDENCE,0,0,863,81775,,PASS
FDA_0004,FDA,DIRECT_RETRIEVAL,True,"TABLET, CHEWABLE",1,1,862,81796,0.4998957745788067,PASS
FDA_0009,FDA,ENTITY_UNIT_BINDING,True,"0.088MG **See current Annual Edition, 1.8 Description of Special Situations, Levothyroxine Sodium",1,1,817,81800,0.5003678093276446,PASS
FDA_0013,FDA,RETRIEVAL_CALCULATION,True,5,5,5,863,81719,0.5005338012786688,PASS
FDA_0078,FDA,TEMPORAL_VERSION,True,2006-10-13,1,1,865,81750,0.5003311908149747,PASS
FDA_0024,FDA,UNANSWERABLE,False,INSUFFICIENT_EVIDENCE,0,0,865,81797,,PASS
FDA_0005,FDA,DIRECT_RETRIEVAL,True,CAPSULE,1,1,865,81775,0.5002821082068957,PASS
FDA_0090,FDA,ENTITY_UNIT_BINDING,True,EQ 5MG BASE,1,1,820,81779,0.5004292161287158,PASS
FDA_0014,FDA,RETRIEVAL_CALCULATION,True,4.0000,2,2,823,81791,0.4998773623085319,PASS
FDA_0079,FDA,TEMPORAL_VERSION,True,2017-03-10,1,1,864,81767,0.49984056513527436,PASS
FDA_0025,FDA,UNANSWERABLE,False,INSUFFICIENT_EVIDENCE,0,0,864,81730,,PASS
CT_0001,CLINICAL_TRIALS,DIRECT_RETRIEVAL,True,24,1,1,751,81788,0.4996381788745523,PASS
CT_0006,CLINICAL_TRIALS,ENTITY_UNIT_BINDING,True,ACTIVE_COMPARATOR,1,1,706,81780,0.5010305231131612,PASS
CT_0010,CLINICAL_TRIALS,RETRIEVAL_CALCULATION,True,80,2,2,774,81743,0.4995829244357213,PASS
CT_0021,CLINICAL_TRIALS,UNANSWERABLE,False,INSUFFICIENT_EVIDENCE,0,0,739,81719,,PASS
CT_0002,CLINICAL_TRIALS,DIRECT_RETRIEVAL,True,44,1,1,753,81735,0.4997484878599384,PASS
CT_0007,CLINICAL_TRIALS,ENTITY_UNIT_BINDING,True,PLACEBO_COMPARATOR,1,1,711,81770,0.49995705205291185,PASS
CT_0011,CLINICAL_TRIALS,RETRIEVAL_CALCULATION,True,"3,998",2,2,750,81734,0.49978530505085206,PASS
CT_0022,CLINICAL_TRIALS,UNANSWERABLE,False,INSUFFICIENT_EVIDENCE,0,0,751,81741,,PASS
CT_0003,CLINICAL_TRIALS,DIRECT_RETRIEVAL,True,226,1,1,749,81727,0.4997238992784568,PASS
CT_0008,CLINICAL_TRIALS,ENTITY_UNIT_BINDING,True,EXPERIMENTAL,1,1,725,81697,0.5000798280626343,PASS
CT_0012,CLINICAL_TRIALS,RETRIEVAL_CALCULATION,True,"49,951",2,2,745,81719,0.5003619809561205,PASS
CT_0023,CLINICAL_TRIALS,UNANSWERABLE,False,INSUFFICIENT_EVIDENCE,0,0,713,81793,,PASS
CT_0004,CLINICAL_TRIALS,DIRECT_RETRIEVAL,True,38,1,1,734,81702,0.5001350472051367,PASS
CT_0009,CLINICAL_TRIALS,ENTITY_UNIT_BINDING,True,ACTIVE_COMPARATOR,1,1,713,81766,0.5004356469664245,PASS
CT_0013,CLINICAL_TRIALS,RETRIEVAL_CALCULATION,True,715,2,2,723,81732,0.4995457781924427,PASS
CT_0024,CLINICAL_TRIALS,UNANSWERABLE,False,INSUFFICIENT_EVIDENCE,0,0,738,81730,,PASS
CT_0005,CLINICAL_TRIALS,DIRECT_RETRIEVAL,True,388,1,1,748,81743,0.4989080692455863,PASS
CT_0017,CLINICAL_TRIALS,ENTITY_UNIT_BINDING,True,2018-04-25,1,1,735,81753,0.49959519632978006,PASS
CT_0014,CLINICAL_TRIALS,RETRIEVAL_CALCULATION,True,"1,230",2,2,747,81705,0.5004665782623643,PASS
CT_0025,CLINICAL_TRIALS,UNANSWERABLE,False,INSUFFICIENT_EVIDENCE,0,0,740,81703,,PASS
CT_0026,CLINICAL_TRIALS,DIRECT_RETRIEVAL,True,39,1,1,752,81774,0.5004967984102451,PASS
CT_0018,CLINICAL_TRIALS,ENTITY_UNIT_BINDING,True,2021-03-02,1,1,730,81719,0.5003375558501497,PASS
CT_0015,CLINICAL_TRIALS,RETRIEVAL_CALCULATION,True,183,2,2,738,81776,0.4994602220450224,PASS
CT_0106,CLINICAL_TRIALS,UNANSWERABLE,False,INSUFFICIENT_EVIDENCE,0,0,742,81656,,PASS
CT_0027,CLINICAL_TRIALS,DIRECT_RETRIEVAL,True,140,1,1,741,81746,0.4993006134969325,PASS
FRED_0001,FRED,DIRECT_RETRIEVAL,True,"150,895",1,1,1018,81748,0.5000184060371802,PASS
FRED_0006,FRED,ENTITY_UNIT_BINDING,True,"149,952",1,1,1020,81754,0.49987731566678933,PASS
FRED_0010,FRED,RETRIEVAL_CALCULATION,True,0.21%,2,2,1017,81750,0.5001473332678519,PASS
FRED_0017,FRED,TEMPORAL_VERSION,True,"144,120",1,1,1019,81768,0.49961355857347906,PASS
FRED_0021,FRED,UNANSWERABLE,False,INSUFFICIENT_EVIDENCE,0,0,959,81799,,PASS
FRED_0002,FRED,DIRECT_RETRIEVAL,True,"23,425.910",1,1,1008,81798,0.5003127107731927,PASS
FRED_0007,FRED,ENTITY_UNIT_BINDING,True,3.260,1,1,1012,81765,0.5003925706013691,PASS
FRED_0011,FRED,RETRIEVAL_CALCULATION,True,-0.42%,2,2,957,81771,0.5001964105963517,PASS
FRED_0018,FRED,TEMPORAL_VERSION,True,256.192,1,1,960,81784,0.49958901252591675,PASS
FRED_0022,FRED,UNANSWERABLE,False,INSUFFICIENT_EVIDENCE,0,0,1021,81766,,PASS
FRED_0003,FRED,DIRECT_RETRIEVAL,True,298.786,1,1,959,81777,0.4994294898535077,PASS
FRED_0008,FRED,ENTITY_UNIT_BINDING,True,1.770,1,1,1008,81779,0.5001717285707277,PASS
FRED_0012,FRED,RETRIEVAL_CALCULATION,True,0.00%,2,2,1011,81756,0.5001166073401252,PASS
FRED_0019,FRED,TEMPORAL_VERSION,True,3.700,1,1,1042,81791,0.5004292319201383,PASS
FRED_0023,FRED,UNANSWERABLE,False,INSUFFICIENT_EVIDENCE,0,0,959,81795,,PASS
FRED_0004,FRED,DIRECT_RETRIEVAL,True,"20,985.448",1,1,1009,81770,0.49978530241688135,PASS
FRED_0009,FRED,ENTITY_UNIT_BINDING,True,"21,967.045",1,1,1008,81794,0.4999754736648476,PASS
FRED_0013,FRED,RETRIEVAL_CALCULATION,True,1.38,2,2,1006,81752,0.4998588333497005,PASS
FRED_0020,FRED,TEMPORAL_VERSION,True,"19,478.893",1,1,1006,81755,0.5003313168002159,PASS
FRED_0024,FRED,UNANSWERABLE,False,INSUFFICIENT_EVIDENCE,0,0,961,81775,,PASS
FRED_0005,FRED,DIRECT_RETRIEVAL,True,3.600,1,1,1044,81727,0.49992636139373337,PASS
FRED_0090,FRED,ENTITY_UNIT_BINDING,True,"15,658.400",1,1,1011,81730,0.4998159012248705,PASS
FRED_0014,FRED,RETRIEVAL_CALCULATION,True,-0.80,2,2,1023,81768,0.5,PASS
FRED_0074,FRED,TEMPORAL_VERSION,True,297.987,1,1,957,81746,0.5005584672222699,PASS
FRED_0025,FRED,UNANSWERABLE,False,INSUFFICIENT_EVIDENCE,0,0,1022,81793,,PASS
